sample,search,reference,metadata,gt_x,gt_y,pred_x,pred_y,error_px,zncc_score,runtime_ms,scale_used
sample_000,dataset\search\sample_000_search.png,dataset\reference\sample_000_ref.png,dataset\metadata\sample_000_metadata.json,452.4,263.2,452.3719201385975,263.1996335685253,0.028082252196157908,0.9261062145233154,114.3357000000833,0.1
sample_001,dataset\search\sample_001_search.png,dataset\reference\sample_001_ref.png,dataset\metadata\sample_001_metadata.json,228.27272727272728,127.63636363636364,82.71543124318123,673.9816792029887,565.402626690952,0.8722681999206543,44.81609999857028,0.1
sample_002,dataset\search\sample_002_search.png,dataset\reference\sample_002_ref.png,dataset\metadata\sample_002_metadata.json,833.1,898.1,833.0906389951706,898.0701034590602,0.031327808279283935,0.9631920456886292,43.805600002087886,0.1
sample_003,dataset\search\sample_003_search.png,dataset\reference\sample_003_ref.png,dataset\metadata\sample_003_metadata.json,499.09090909090907,679.9090909090909,61.51034912467003,823.6898740231991,460.5970690888877,0.5713810324668884,46.684700002515456,0.1
sample_004,dataset\search\sample_004_search.png,dataset\reference\sample_004_ref.png,dataset\metadata\sample_004_metadata.json,158.7,869.0,158.69433331489563,869.0641648694873,0.06441460856352663,0.9716616272926331,44.955000001209555,0.1
sample_005,dataset\search\sample_005_search.png,dataset\reference\sample_005_ref.png,dataset\metadata\sample_005_metadata.json,568.4444444444445,828.4444444444445,789.6335681378841,697.0462043993175,257.27441755298673,0.8296185731887817,46.389899998757755,0.1
sample_006,dataset\search\sample_006_search.png,dataset\reference\sample_006_ref.png,dataset\metadata\sample_006_metadata.json,113.11111111111111,329.55555555555554,643.7546237111092,770.7243609130383,690.0814823519124,0.5470776557922363,44.89660000035656,0.1
sample_007,dataset\search\sample_007_search.png,dataset\reference\sample_007_ref.png,dataset\metadata\sample_007_metadata.json,152.33333333333334,498.6666666666667,595.2742803692818,321.7244194149971,476.9750951816812,0.8095295429229736,45.153799997933675,0.1
sample_008,dataset\search\sample_008_search.png,dataset\reference\sample_008_ref.png,dataset\metadata\sample_008_metadata.json,121.88888888888889,611.3333333333334,834.4677273929119,345.0797794982791,760.6967569363883,0.6374046802520752,43.70980000021518,0.1
sample_009,dataset\search\sample_009_search.png,dataset\reference\sample_009_ref.png,dataset\metadata\sample_009_metadata.json,641.1,690.2,641.1052360832691,690.1635847091675,0.036789808023706856,0.955666184425354,44.853200000943616,0.1
sample_010,dataset\search\sample_010_search.png,dataset\reference\sample_010_ref.png,dataset\metadata\sample_010_metadata.json,684.6666666666666,572.4444444444445,726.4551294445992,217.01727570220828,357.8753245216338,0.6332464814186096,44.401399998605484,0.1
sample_011,dataset\search\sample_011_search.png,dataset\reference\sample_011_ref.png,dataset\metadata\sample_011_metadata.json,838.1818181818181,362.6363636363636,74.9914532341063,250.93907792121172,771.3208261062019,0.4958323538303375,46.885700001439545,0.1
sample_012,dataset\search\sample_012_search.png,dataset\reference\sample_012_ref.png,dataset\metadata\sample_012_metadata.json,527.8,206.9,527.8252557516098,206.90286441147327,0.025417667919510598,0.97616046667099,44.25280000214116,0.1
sample_013,dataset\search\sample_013_search.png,dataset\reference\sample_013_ref.png,dataset\metadata\sample_013_metadata.json,654.8888888888889,798.4444444444445,125.37758031487465,266.39189237356186,750.6411553284993,0.5174211859703064,47.63870000169845,0.1
sample_014,dataset\search\sample_014_search.png,dataset\reference\sample_014_ref.png,dataset\metadata\sample_014_metadata.json,868.8,570.9,868.8129362761974,570.909501299262,0.016050605269735587,0.862090528011322,44.66899999897578,0.1
sample_015,dataset\search\sample_015_search.png,dataset\reference\sample_015_ref.png,dataset\metadata\sample_015_metadata.json,181.11111111111111,376.0,403.35527804493904,820.0704431906343,496.579327249572,0.8326722979545593,46.360699998331256,0.1
sample_016,dataset\search\sample_016_search.png,dataset\reference\sample_016_ref.png,dataset\metadata\sample_016_metadata.json,873.8888888888889,462.22222222222223,518.661014944315,283.8948244154453,397.47641846494315,0.762413501739502,44.47010000149021,0.1
sample_017,dataset\search\sample_017_search.png,dataset\reference\sample_017_ref.png,dataset\metadata\sample_017_metadata.json,778.7272727272727,623.4545454545455,379.2376734316349,370.6909147799015,472.73818645971164,0.8097274303436279,46.25790000136476,0.1
sample_018,dataset\search\sample_018_search.png,dataset\reference\sample_018_ref.png,dataset\metadata\sample_018_metadata.json,646.2727272727273,544.2727272727273,62.689656496047974,362.6539796888828,611.1911075687071,0.6999930143356323,44.48680000132299,0.1
sample_019,dataset\search\sample_019_search.png,dataset\reference\sample_019_ref.png,dataset\metadata\sample_019_metadata.json,629.7777777777778,227.22222222222223,584.2315744906664,891.7537366896868,666.0905271464931,0.8247275352478027,44.96410000137985,0.1
sample_020,dataset\search\sample_020_search.png,dataset\reference\sample_020_ref.png,dataset\metadata\sample_020_metadata.json,837.0,217.4,836.9901444455609,217.40945899486542,0.013660327125164002,0.9134728908538818,45.05129999961355,0.1
sample_021,dataset\search\sample_021_search.png,dataset\reference\sample_021_ref.png,dataset\metadata\sample_021_metadata.json,471.0,159.63636363636363,70.671711653471,813.0749364644289,766.3189328928527,0.7761262059211731,44.81400000076974,0.1
sample_022,dataset\search\sample_022_search.png,dataset\reference\sample_022_ref.png,dataset\metadata\sample_022_metadata.json,270.3,491.2,270.36319464445114,491.2125528305769,0.06442931508868685,0.9707557559013367,44.437600001401734,0.1
sample_023,dataset\search\sample_023_search.png,dataset\reference\sample_023_ref.png,dataset\metadata\sample_023_metadata.json,618.4444444444445,596.5555555555555,264.71472987532616,728.2343765050173,377.44406586379165,0.6388631463050842,45.12249999970663,0.1
sample_024,dataset\search\sample_024_search.png,dataset\reference\sample_024_ref.png,dataset\metadata\sample_024_metadata.json,603.5454545454545,500.0,56.45238709449768,354.68643522262573,566.0625906745696,0.8682284355163574,44.63469999973313,0.1
sample_025,dataset\search\sample_025_search.png,dataset\reference\sample_025_ref.png,dataset\metadata\sample_025_metadata.json,286.6,415.5,566.8340233713388,574.2505243718624,322.0758246798871,0.8623010516166687,46.595399999205256,0.1
sample_026,dataset\search\sample_026_search.png,dataset\reference\sample_026_ref.png,dataset\metadata\sample_026_metadata.json,376.6363636363636,340.3636363636364,85.17425099015236,811.9692690260708,554.4024132948267,0.7223427295684814,44.357200000376906,0.1
sample_027,dataset\search\sample_027_search.png,dataset\reference\sample_027_ref.png,dataset\metadata\sample_027_metadata.json,431.5,543.1,431.4949758350849,543.1596170216799,0.0598283503622683,0.9490182995796204,43.94959999990533,0.1
sample_028,dataset\search\sample_028_search.png,dataset\reference\sample_028_ref.png,dataset\metadata\sample_028_metadata.json,389.6,469.0,389.59571275115013,468.98282880336046,0.017698319036975538,0.9421663284301758,43.685000000550644,0.1
sample_029,dataset\search\sample_029_search.png,dataset\reference\sample_029_ref.png,dataset\metadata\sample_029_metadata.json,434.45454545454544,608.2727272727273,69.91179533302784,354.4508861899376,444.2037186661275,0.9175271391868591,45.20720000073197,0.1
